,HE Provider,Environmental management system existence,Environmental management system external verification coverage,Environmental reporting total,Fairtrade accreditation existence,Single occupancy car journey (%),Car share (%),Bus (%),Train (%),Cycle (%),Walk (%),Motorbike (%),Other (%),Single occupancy car journey (%) ,Car share (%) ,Bus (%) ,Train (%) ,Cycle (%) ,Walk (%) ,Motorbike (%) ,Other (%) ,Total carbon reduction target (%),Total percentage of renewable energy purchased through green tariffs (%),Total energy generated onsite by CHP (kWh),Total renewable energy generated onsite or offsite (kWh),where the ROCs are retained or not claimed (%),where the ROCs are sold (%),Total number of car parking spaces,Non-residential ,Residential ,Total number of cycle spaces,Total water supply grey water and rain water (m3),Total water borehole extraction (m3),Borehole water used for irrigation (%),Non-residential category A (m2),Non-residential category B (m2),Non-residential category C (m2),Non-residential category D (m2),Non-residential category E (m2),Non-residential category F (m2),Non-residential category G (m2),Residential category A (m2),Residential category B (m2),Residential category C (m2),Residential category D (m2),Residential category E (m2),Residential category F (m2),Residential category G (m2)
0,Anglia Ruskin University,1.0,1.0,1.0,0.0,19.8,3.7,7.0,16.7,14.3,19.6,1.1,17.8,12.3,3.0,9.6,17.3,9.3,31.5,0.6,16.4,30.0,8.0,3749201.0,84198.431,0.0,0.0,679.0,629.0,50.0,2096.0,0.0,0.0,0.0,0.0,3780.85,46875.17,26965.6,11383.02,11642.29,0.0,0.0,0.0,3434.245,6839.077,0.0,0.0,0.0
1,Aston University,1.0,1.0,1.0,0.0,33.0,1.0,22.0,31.0,7.0,1.0,1.0,4.0,9.0,5.0,46.0,22.0,1.0,17.0,0.0,0.0,43.0,17.0,0.0,41155.1,0.0,0.0,753.0,753.0,0.0,136.0,0.0,0.0,0.0,2513.161,18046.949,85174.889,0.0,0.0,0.0,0.0,0.0,0.0,0.0,0.0,0.0,0.0,0.0
2,Bath Spa University,1.0,1.0,1.0,0.5,,,,,,,,,,,,,,,,,0.0,60.2,0.0,2403925.0,0.0,0.0,1006.0,1006.0,0.0,340.0,300.0,0.0,0.0,4422.0,10273.0,19211.0,3293.0,1569.0,312.0,0.0,11077.0,15416.0,924.0,1119.0,0.0,0.0,0.0
3,Birkbeck College,1.0,1.0,1.0,0.5,,,,,,,,,,,,,,,,,25.0,100.0,202395.0,0.0,0.0,0.0,0.0,0.0,0.0,112.0,0.0,0.0,0.0,0.0,1781.0,2982.0,0.0,6968.0,2057.0,21713.0,0.0,0.0,0.0,0.0,0.0,0.0,0.0
4,Birmingham City University,1.0,1.0,1.0,0.0,36.6,3.5,18.8,24.7,3.6,4.4,0.2,8.2,17.8,5.1,27.8,21.4,1.6,22.1,0.0,4.2,43.0,90.0,615991.0,80322.0,0.0,0.0,,,,,0.0,0.0,0.0,0.0,18345.0,36214.0,51999.0,23949.0,0.0,0.0,0.0,19113.0,0.0,0.0,0.0,0.0,0.0
5,Bishop Grosseteste University,0.0,,0.0,0.0,,,,,,,,,,,,,,,,,43.0,49.5,0.0,10279.1,,,368.0,364.0,4.0,102.0,238.0,0.0,0.0,1860.0,2211.4,7313.9,2420.0,1230.0,0.0,0.0,0.0,3912.6,0.0,4226.9,0.0,0.0,0.0
6,Bournemouth University,1.0,1.0,1.0,1.0,53.0,4.0,12.0,6.0,13.0,9.0,2.0,1.0,8.2,1.4,45.2,5.5,12.3,23.3,0.0,4.1,50.0,100.0,0.0,1933392.0,0.0,0.0,1386.0,1379.0,7.0,888.0,720.0,0.0,0.0,0.0,20933.67,60573.95,4740.27,0.0,0.0,0.0,0.0,6411.0,0.0,0.0,0.0,0.0,0.0
7,Brunel University London,1.0,1.0,1.0,0.0,60.0,4.0,6.0,14.0,6.0,8.0,2.0,0.0,16.0,5.0,8.0,30.0,10.0,30.0,1.0,0.0,43.0,9.2,0.0,4716500.0,0.0,0.0,1968.0,1968.0,0.0,787.0,950.0,0.0,0.0,0.0,7942.0,18670.86,39476.0,26078.5,8725.0,14316.0,0.0,37890.78,75550.81,330.0,130.0,0.0,0.0
8,Buckinghamshire New University,1.0,1.0,1.0,0.0,60.0,9.0,14.0,9.0,2.0,5.0,1.0,,75.0,,,,,12.0,,,50.0,,0.0,126881.0,0.0,0.0,545.0,527.0,18.0,378.0,0.0,0.0,0.0,0.0,0.0,16135.0,31910.83,0.0,0.0,1489.56,0.0,0.0,18088.75,2352.66,0.0,0.0,0.0
9,Canterbury Christ Church University,1.0,1.0,1.0,0.0,,,,,,,,,,,,,,,,,25.0,0.5,0.0,,0.1,0.0,383.0,320.0,63.0,847.0,0.0,0.0,0.0,0.0,2907.56,48200.7,5520.79,0.0,0.0,571.21,0.0,17534.86,250.02,6890.98,1600.41,0.0,0.0
10,"City, University of London",1.0,1.0,1.0,0.0,0.2,0.0,9.9,46.3,9.2,8.6,0.6,25.2,0.0,0.0,12.9,23.8,6.2,21.9,0.0,35.2,43.0,100.0,7168945.0,,0.0,,16.0,16.0,0.0,208.0,796.0,0.0,,0.0,0.0,6184.0,45524.0,21391.0,16319.0,0.0,0.0,0.0,0.0,0.0,0.0,0.0,0.0
11,Coventry University,1.0,1.0,1.0,1.0,45.0,7.0,7.0,15.0,8.0,13.0,0.0,5.0,3.9,1.0,8.3,13.1,2.4,69.4,0.5,1.4,43.0,33.9,5245910.0,325649.0,0.0,0.0,2107.0,1865.0,242.0,1456.0,2240.0,0.0,0.0,546.0,13631.0,24064.0,115896.0,36965.0,3857.0,0.0,8334.0,62589.0,6616.0,0.0,0.0,0.0,0.0
12,Cranfield University,1.0,1.0,1.0,0.0,,,,,,,,,,,,,,,,,100.0,0.0,11509956.896,3374860.051,100.0,0.0,2253.0,1569.0,684.0,522.0,0.0,0.0,0.0,0.0,23011.69,36403.895,16583.26,11338.3,10577.86,16079.86,0.0,1152.14,16935.3,6761.42,0.0,0.0,0.0
13,De Montfort University,1.0,1.0,1.0,0.0,50.1,6.0,14.4,7.0,9.5,12.8,0.0,0.2,7.8,1.3,8.4,5.6,1.9,74.6,0.2,0.2,100.0,32.1,0.0,205564.0,0.6,0.0,1005.0,1005.0,0.0,780.0,0.0,0.0,0.0,747.0,66702.0,67737.5,32300.23,861.0,0.0,0.0,0.0,0.0,10364.0,0.0,0.0,0.0,0.0
14,Falmouth University,0.0,,1.0,0.0,48.0,,16.0,4.0,16.0,16.0,,,15.0,,27.0,4.0,27.0,27.0,,,100.0,0.0,0.0,55000.0,,,568.0,568.0,0.0,338.0,0.0,0.0,0.0,0.0,1034.0,6835.0,27389.0,1825.0,0.0,1958.0,0.0,0.0,0.0,18840.0,0.0,0.0,0.0
15,Goldsmiths College,0.0,,,,,,,,,,,,,,,,,,,,50.0,,0.0,0.0,,,0.0,0.0,0.0,0.0,0.0,0.0,0.0,0.0,0.0,0.0,0.0,0.0,0.0,0.0,0.0,0.0,0.0,0.0,0.0,0.0,0.0
16,Guildhall School of Music and Drama,0.0,,1.0,0.0,2.2,0.0,5.4,74.3,12.1,5.0,0.5,0.5,0.0,0.0,6.8,48.9,11.3,33.0,0.0,0.0,43.0,46.0,0.0,0.0,0.0,0.0,2.0,2.0,0.0,165.0,0.0,0.0,0.0,0.0,1373.0,24116.0,0.0,0.0,0.0,0.0,0.0,6757.56,0.0,0.0,0.0,0.0,0.0
17,"Imperial College of Science, Technology and Medicine",0.0,,1.0,0.0,,,,,,,,,2.2,0.5,5.3,14.4,12.7,28.7,0.1,36.1,34.0,100.0,200674513.0,16895.0,0.0,0.0,735.0,708.0,27.0,3143.0,0.0,0.0,0.0,0.0,6891.0,13548.0,55888.0,68609.0,57438.0,224142.0,0.0,22493.0,46936.0,17319.0,484.0,0.0,0.0
18,Keele University,1.0,1.0,1.0,0.0,,,,,,,,,,,,,,,,,100.0,34.0,192801.0,4765264.0,0.0,0.0,2565.0,1647.0,918.0,484.0,25.6,0.0,0.0,9630.4,25959.0,37038.7,25787.0,8830.0,0.0,0.0,6000.0,38508.0,13560.3,770.0,534.0,0.0,0.0
19,King's College London,1.0,1.0,1.0,1.0,1.0,0.2,10.9,66.2,13.1,8.0,0.4,0.2,0.6,0.0,21.6,47.5,13.0,16.7,0.0,0.6,43.0,45.0,0.0,5101.06,100.0,0.0,79.0,74.0,5.0,1157.0,0.0,0.0,0.0,0.0,21090.2,34059.0,27159.0,8646.0,45196.0,99909.0,0.0,7430.0,0.0,31775.0,0.0,0.0,0.0
20,Kingston University,0.0,,,1.0,76.0,4.9,5.2,4.3,5.5,2.2,0.0,1.9,62.7,5.6,14.2,6.4,0.9,6.4,3.0,0.8,100.0,35.0,150146.0,36130.0,100.0,0.0,1395.0,1339.0,56.0,1020.0,0.0,0.0,0.0,1435.0,35895.0,28131.98,32598.0,6433.0,6055.0,2222.0,0.0,0.0,5247.0,0.0,1067.0,919.0,0.0
21,Leeds Beckett University,1.0,1.0,1.0,0.0,46.0,3.3,12.2,16.4,5.6,12.3,1.6,2.6,9.7,2.0,29.0,13.0,4.0,37.0,0.3,5.0,35.0,42.6,2545868.0,205578.545,,,1366.0,1048.0,318.0,976.0,230.0,0.0,0.0,271.458,38331.174,39684.546,41183.982,291.326,0.0,956.032,0.0,7786.783,1835.065,0.0,0.0,0.0,0.0
22,Leeds Trinity University,1.0,0.0,0.0,0.0,66.0,6.0,7.0,9.0,3.0,9.0,0.0,0.0,27.0,5.0,25.0,24.0,1.0,18.0,0.0,0.0,43.0,0.0,1016447.0,8400.0,0.0,0.0,483.0,462.0,21.0,44.0,0.0,0.0,0.0,0.0,0.0,23943.49,0.0,0.0,0.0,0.0,0.0,0.0,19314.54,0.0,0.0,0.0,0.0
23,Liverpool Hope University,0.0,,1.0,0.0,,,,,,,,,,,,,,,,,26.0,0.0,0.0,73471.93,0.0,0.0,635.0,461.0,174.0,201.0,67.0,0.0,0.0,1736.26,4884.14,16964.35,11955.87,0.0,0.0,0.0,475.26,14531.75,3764.1,0.0,0.0,0.0,0.0
24,Liverpool John Moores University,1.0,1.0,1.0,0.0,,,,,,,,,,,,,,,,,43.0,100.0,0.0,7221.0,,,742.0,742.0,0.0,605.0,0.0,0.0,0.0,0.0,24263.0,44825.0,28506.0,34702.0,5996.0,6305.0,0.0,0.0,0.0,0.0,0.0,0.0,0.0
25,Liverpool School of Tropical Medicine,0.0,,,0.0,24.0,10.0,10.0,26.0,15.0,13.0,1.0,1.0,,,,,,,,,15.0,,0.0,11203.51,,,134.0,134.0,0.0,120.0,0.0,0.0,0.0,0.0,9876.91,0.0,6997.12,0.0,0.0,0.0,0.0,0.0,0.0,0.0,0.0,0.0,0.0
26,London Metropolitan University,0.0,,0.0,0.0,1.0,0.0,13.0,70.0,6.0,8.0,1.0,1.0,2.0,3.0,16.0,59.0,6.0,13.0,1.0,0.0,50.0,0.0,0.0,10066.0,0.0,0.0,25.0,25.0,0.0,153.0,0.0,0.0,0.0,0.0,68779.74,4450.31,7835.13,2158.6,0.0,0.0,0.0,0.0,0.0,0.0,0.0,0.0,0.0
27,London School of Economics and Political Science,1.0,1.0,1.0,0.0,,,,,,,,,,,,,,,,,44.0,99.1,220389.0,130429.0,0.0,0.0,60.0,8.0,52.0,999.0,1914.0,0.0,0.0,0.0,28324.06,83862.58,0.0,305.25,14614.97,0.0,0.0,11257.6,42697.26,3094.39,0.0,0.0,0.0
28,London School of Hygiene and Tropical Medicine,1.0,1.0,1.0,0.5,1.8,0.7,33.3,37.0,10.8,6.0,1.0,,0.0,0.0,6.0,16.0,,,0.0,,100.0,82.3,0.0,,,,,,0.0,136.0,0.0,0.0,0.0,0.0,0.0,0.0,0.0,3975.0,0.0,20602.0,0.0,0.0,0.0,0.0,0.0,0.0,0.0
29,London South Bank University,0.0,,0.0,0.0,3.1,0.0,9.3,71.4,7.1,9.1,0.0,0.0,3.1,0.0,9.3,71.4,7.1,9.1,0.0,0.0,35.0,50.8,0.0,0.0,0.0,0.0,30.0,0.0,30.0,392.0,0.0,0.0,0.0,1468.71,27070.57,73225.113,15931.61,0.0,0.0,0.0,0.0,0.0,23491.03,9748.54,0.0,0.0,0.0
30,Loughborough University,1.0,1.0,1.0,0.0,57.0,5.0,2.0,4.0,12.0,18.0,1.0,1.0,12.0,1.0,9.0,2.0,17.0,57.0,1.0,1.0,43.0,0.0,19436699.0,0.0,0.0,0.0,3318.0,,,2268.0,0.0,0.0,0.0,,,,,,,,,,,,,,
31,Newcastle University,1.0,1.0,1.0,0.5,14.3,7.1,23.9,36.5,9.9,7.6,0.6,0.1,2.9,2.1,10.7,15.0,6.8,62.1,0.1,0.3,43.0,33.8,475458.0,58786.0,100.0,0.0,935.0,719.0,216.0,2103.0,0.0,2927.0,100.0,868.62,50760.14,71973.89,94867.27,81873.99,5965.39,39951.62,0.0,58784.07,35482.45,3337.14,0.0,0.0,0.0
32,Norwich University of the Arts,,,,,,,,,,,,,,,,,,,,,20.0,,,,,,,,,,0.0,0.0,0.0,,,,,,,,,,,,,,
33,Oxford Brookes University,1.0,1.0,1.0,1.0,56.0,6.0,12.0,2.0,14.0,7.0,1.0,2.0,15.0,3.0,46.0,1.0,3.0,30.0,0.0,2.0,68.0,0.0,3343931.0,326579.0,0.0,0.0,1509.0,1367.0,142.0,2945.0,601.8,0.0,0.0,295.0,41029.0,52026.0,11452.0,4874.0,0.0,537.0,0.0,40556.0,22658.0,0.0,0.0,0.0,0.0
34,Queen Mary University of London,1.0,1.0,1.0,0.0,,,,,,,,,,,,,,,,,30.0,,2886836.755,14735.0,0.0,0.0,235.0,231.0,4.0,1013.0,0.0,0.0,0.0,1539.0,7288.0,30142.0,58715.0,23461.0,7630.0,43190.0,0.0,11332.0,17295.0,16825.0,8177.0,0.0,0.0
35,Rose Bruford College of Theatre and Performance,0.0,,0.0,0.0,88.0,2.0,2.0,4.0,1.0,2.0,1.0,0.0,24.0,8.0,16.0,2.0,11.0,38.0,1.0,0.0,4.8,0.0,0.0,1.0,0.0,0.0,116.0,115.0,1.0,140.0,0.0,0.0,0.0,706.0,4015.0,1126.0,1330.0,438.0,427.0,370.0,4612.0,0.0,0.0,0.0,0.0,0.0,0.0
36,Royal College of Music,1.0,1.0,,,,,,,,,,,,,,,,,,,34.0,50.9,0.0,,,,,,,,0.0,0.0,0.0,,,,,,,,,,,,,,
37,Royal Holloway and Bedford New College,1.0,0.0,1.0,0.5,56.0,5.0,2.9,14.5,5.2,15.0,1.4,0.0,17.9,3.3,9.5,13.6,4.9,45.9,0.0,4.9,48.0,0.0,1311405.0,45655.0,100.0,0.0,1438.0,1172.0,266.0,883.0,0.0,0.0,0.0,0.0,8181.0,27988.0,20853.0,18413.0,0.0,11804.0,0.0,0.0,51946.0,12211.0,0.0,0.0,0.0
38,Sheffield Hallam University,1.0,1.0,1.0,0.0,34.0,5.0,13.0,13.0,10.0,18.0,0.0,7.0,16.0,2.0,18.0,17.0,3.0,38.0,0.0,6.0,30.0,34.0,0.0,52280.0,0.0,0.0,343.0,343.0,0.0,732.0,454.0,0.0,0.0,16253.0,84881.0,89468.0,2640.0,699.0,0.0,0.0,0.0,0.0,0.0,0.0,0.0,0.0,0.0
39,Solent University,,,,,,,,,,,,,,,,,,,,,33.0,,,,,,,,,,0.0,0.0,,,,,,,,,,,,,,,
40,"St George's, University of London",0.0,,0.0,0.0,10.4,0.0,16.3,15.2,8.0,25.1,1.1,23.9,7.2,0.0,14.3,12.2,6.7,39.1,0.4,20.1,65.0,0.0,9311564.417,0.0,0.0,0.0,84.0,53.0,31.0,409.0,0.0,36391.246,0.0,0.0,1471.84,0.0,0.0,0.0,0.0,53702.27,0.0,4693.0,8799.0,0.0,0.0,0.0,0.0
41,"St Mary's University, Twickenham",0.0,,1.0,1.0,,,,,,,,,,,,,,,,,34.0,,0.0,,0.0,0.0,339.0,339.0,0.0,251.0,25.0,146.0,100.0,0.0,1984.0,14265.0,5820.0,7306.0,0.0,0.0,1259.0,1731.0,7962.0,3834.0,1491.0,0.0,0.0
42,Staffordshire University,0.0,,0.0,0.0,66.4,3.8,3.1,17.9,2.9,3.9,0.7,1.3,33.0,2.0,7.0,20.0,3.0,32.0,0.0,3.0,32.0,0.0,,104292.0,0.0,0.0,1188.0,1009.0,179.0,580.0,0.0,0.0,0.0,8880.0,10309.0,47692.0,2233.0,13546.0,880.0,0.0,0.0,0.0,16527.0,3573.0,0.0,0.0,0.0
43,Teesside University,1.0,1.0,1.0,0.0,66.6,7.6,7.5,4.8,3.9,7.9,0.6,1.1,21.0,21.7,22.0,11.0,9.2,15.0,0.1,0.0,43.0,45.0,929785.0,88862.0,0.0,0.0,1473.0,819.0,654.0,454.0,133.0,0.0,0.0,8390.0,33796.36,40919.72,14373.94,0.0,1691.0,2768.0,0.0,15808.0,0.0,4339.65,0.0,0.0,0.0
44,The Arts University Bournemouth,1.0,1.0,1.0,1.0,59.3,0.0,12.0,2.0,12.5,13.2,0.0,1.0,5.7,0.0,55.2,4.9,10.0,23.9,0.0,0.3,42.0,100.0,0.0,72711.8,0.0,0.0,260.0,250.0,10.0,282.0,0.0,0.0,0.0,0.0,828.0,19291.0,2720.0,1615.0,0.0,343.0,0.0,9502.0,0.0,0.0,0.0,0.0,0.0
45,The Institute of Cancer Research,1.0,1.0,1.0,0.0,29.7,9.8,5.4,27.0,5.5,14.9,1.3,6.4,,,,,,,,,22.0,100.0,0.0,66074.0,0.0,0.0,362.0,362.0,0.0,100.0,0.0,0.0,0.0,0.0,0.0,0.0,3463.0,978.0,2600.0,27494.0,0.0,0.0,0.0,0.0,0.0,0.0,0.0
46,The Manchester Metropolitan University,1.0,1.0,1.0,0.5,15.4,6.1,16.2,31.6,9.2,8.2,0.3,13.0,14.2,2.1,29.3,15.5,4.4,22.9,0.9,10.7,50.0,45.8,2299500.0,381192.33,0.0,0.0,820.0,820.0,0.0,1018.0,1012.0,96369.0,0.0,0.0,3891.99,110684.31,41533.55,35585.36,0.0,1484.48,0.0,16729.56,30806.33,8032.0,0.0,0.0,0.0
47,The National Film and Television School,,,,,,,,,,,,,,,,,,,,,0.0,0.0,0.0,0.0,0.0,0.0,105.0,105.0,0.0,30.0,0.0,0.0,0.0,0.0,0.0,0.0,0.0,0.0,0.0,0.0,0.0,0.0,0.0,0.0,0.0,0.0,0.0
48,The Nottingham Trent University,1.0,1.0,1.0,1.0,31.0,7.0,29.0,5.0,7.0,10.0,1.0,10.0,14.0,3.0,33.0,4.0,1.0,36.0,0.0,9.0,29.0,39.3,14369643.0,1375504.0,1.0,0.0,1887.0,1774.0,113.0,861.0,25.0,0.0,0.0,470.0,51532.76,111229.3,43880.27,4115.0,3492.0,3408.1,0.0,11697.05,845.26,1866.88,0.0,0.0,0.0
49,The Open University,0.0,,0.0,0.0,67.4,6.7,14.5,0.0,5.0,2.6,0.2,3.6,,,,,,,,,36.0,0.0,0.0,182507.0,0.6,0.0,2746.0,2746.0,0.0,668.0,0.0,0.0,0.0,0.0,3615.0,8559.0,4140.0,6438.0,96976.0,1419.0,0.0,0.0,0.0,0.0,0.0,0.0,0.0
50,The Royal Central School of Speech and Drama,,,0.0,0.0,0.8,0.0,1.5,4.6,2.3,10.0,0.0,80.8,1.0,0.0,9.0,66.0,5.0,17.0,1.0,1.0,40.0,0.0,0.0,12126.0,0.0,0.0,2.0,2.0,0.0,60.0,0.0,0.0,0.0,0.0,2181.0,321.0,8132.0,0.0,0.0,0.0,0.0,0.0,0.0,0.0,0.0,0.0,0.0
51,The University of Bath,0.0,,1.0,0.0,50.2,14.7,19.5,6.3,2.7,5.8,0.8,0.0,7.1,3.1,78.2,0.7,2.5,8.0,0.4,0.0,43.0,100.0,3496806.472,150704.0,0.0,0.0,2191.0,2191.0,0.0,865.0,0.0,0.0,0.0,1168.0,10143.0,60271.0,47707.0,7928.0,17445.0,17174.0,0.0,61567.0,31511.0,1789.0,5614.0,0.0,0.0
52,The University of Birmingham,1.0,1.0,0.0,,39.8,6.7,8.2,23.2,11.0,10.2,0.2,0.7,5.8,1.1,13.9,17.0,4.5,56.4,0.0,1.3,100.0,100.0,61747452.97,260229.0,100.0,0.0,3563.0,3223.0,340.0,1805.0,0.0,0.0,0.0,,,,,,,,,,,,,,
53,The University of Bradford,0.0,,1.0,1.0,53.3,0.0,8.0,12.7,3.3,22.7,0.0,0.0,6.4,0.0,32.1,9.0,1.3,51.2,0.0,0.0,75.0,0.0,12027250.0,40000.0,100.0,0.0,820.0,820.0,0.0,154.0,350.0,0.0,0.0,0.0,0.0,81695.8,23471.17,0.0,3035.0,0.0,0.0,0.0,0.0,0.0,0.0,0.0,0.0
54,The University of Brighton,1.0,0.0,1.0,0.0,40.0,5.0,8.0,17.0,9.0,15.0,1.0,5.0,20.0,6.0,16.0,18.0,4.0,28.0,1.0,7.0,41.3,36.0,841018.0,497168.0,100.0,0.0,1590.0,1412.0,178.0,1058.0,34.0,84622.9,0.0,7493.0,26210.0,26268.0,69970.0,3568.0,4546.0,861.0,0.0,0.0,17934.0,3603.0,0.0,0.0,0.0
55,The University of Bristol,1.0,1.0,1.0,1.0,22.0,5.0,25.0,8.0,15.0,20.0,0.0,5.0,3.8,4.1,20.2,1.6,5.8,62.0,0.2,2.3,38.5,34.0,5315014.0,12028240.0,8.8,0.0,1962.0,1537.0,425.0,3966.0,100.0,13978.0,4.2,0.0,8441.0,34910.0,1796.0,0.0,0.0,12851.0,0.0,0.0,0.0,0.0,0.0,0.0,0.0
56,The University of Cambridge,0.0,,1.0,0.0,14.0,3.0,2.0,3.0,23.0,6.0,1.0,48.0,,,,,,,,,100.0,0.0,,25099976.0,100.0,0.0,3526.0,3526.0,0.0,11200.0,0.0,2926.0,100.0,0.0,55904.0,106738.0,29566.0,37797.0,1360.0,79015.0,0.0,0.0,0.0,0.0,0.0,0.0,0.0
57,The University of Central Lancashire,1.0,1.0,0.0,0.0,68.0,4.0,5.0,12.0,4.0,7.0,0.0,0.0,22.0,6.0,10.0,18.0,3.0,40.0,1.0,0.0,48.0,40.0,0.0,139113.684,100.0,0.0,2110.0,2099.0,11.0,685.0,600.0,1120.0,100.0,1461.0,5531.0,66565.0,73946.0,7345.0,0.0,0.0,0.0,3100.0,8188.0,14319.0,0.0,0.0,0.0
58,The University of Chichester,0.0,,0.0,1.0,54.8,13.0,2.1,2.8,5.0,22.3,0.0,0.0,16.6,11.2,11.3,1.8,1.7,57.3,0.0,0.1,43.0,100.0,0.0,43267.0,0.0,0.0,871.0,788.0,83.0,575.0,0.0,0.0,0.0,3869.08,20507.8,9839.0,9936.5,836.0,2167.0,0.0,0.0,15045.0,5273.0,2362.0,0.0,0.0,0.0
59,The University of East Anglia,1.0,1.0,1.0,0.0,48.0,4.0,13.0,2.0,19.0,11.0,2.0,1.0,5.0,4.0,21.0,0.0,25.0,39.0,0.0,6.0,60.0,8.0,63542431.0,240497.0,100.0,0.0,1972.0,1960.0,12.0,4100.0,0.0,67.0,0.0,6738.0,20213.0,55024.0,14036.0,4225.0,15090.0,27849.0,0.0,63330.0,23363.0,2969.0,4500.0,0.0,0.0
60,The University of East London,0.0,0.0,0.0,0.0,,,,,,,,,,,,,,,,,22.0,47.0,0.0,73411.0,0.0,0.0,700.0,700.0,0.0,516.0,0.0,0.0,0.0,0.0,9652.55,68180.2,11503.91,0.0,0.0,0.0,0.0,5086.6,18898.04,2648.84,0.0,0.0,0.0
61,The University of Essex,0.0,,1.0,0.0,48.0,12.0,15.0,4.0,12.0,8.0,,1.0,13.0,4.0,31.0,4.0,5.0,40.0,,2.0,43.0,37.0,0.0,554958.0,100.0,0.0,2996.0,2996.0,0.0,1088.0,0.0,0.0,0.0,9361.0,24805.0,21873.0,12131.0,84948.0,19935.0,6431.0,0.0,0.0,0.0,0.0,0.0,0.0,0.0
62,The University of Exeter,1.0,1.0,1.0,1.0,48.8,4.4,4.8,3.9,13.3,23.4,0.4,1.0,10.2,0.2,2.8,2.3,4.6,79.9,0.0,0.0,100.0,41.1,2557285.0,3137735.588,0.0,0.0,1846.0,1846.0,0.0,1689.0,333.02,0.0,0.0,15219.62,47849.79,47849.79,35586.36,8700.62,12765.44,24261.545,0.0,17568.68,8294.02,20405.98,3652.99,0.0,0.0
63,The University of Greenwich,1.0,1.0,1.0,1.0,39.6,3.8,14.0,24.9,5.9,11.2,0.0,0.6,11.4,1.1,27.9,45.6,0.7,12.3,0.3,0.7,43.0,0.0,1857450.0,33660.0,0.0,0.0,1330.0,1190.0,140.0,594.0,1.4,0.0,0.0,0.0,29445.0,36048.0,17234.0,12291.0,0.0,1938.0,0.0,0.0,11269.0,0.0,0.0,0.0,0.0
64,The University of Huddersfield,0.0,,1.0,1.0,50.0,7.0,7.0,8.0,5.0,11.0,0.0,12.0,27.5,0.0,30.2,12.4,0.3,26.4,0.0,3.2,100.0,0.0,696059.0,89075.0,100.0,0.0,580.0,580.0,0.0,90.0,12.95,0.0,0.0,0.0,17043.3,30564.45,65001.35,3840.69,0.0,9435.78,0.0,0.0,0.0,0.0,0.0,0.0,0.0
65,The University of Hull,1.0,1.0,1.0,0.0,59.0,7.0,5.0,2.0,13.0,12.0,1.0,1.0,21.0,6.0,20.0,2.0,5.0,46.0,0.0,0.0,34.0,100.0,584704.0,224502.0,100.0,0.0,1971.0,1971.0,0.0,1137.0,0.0,0.0,0.0,3438.0,10284.0,5144.0,131676.0,2672.0,0.0,0.0,24826.0,15784.0,0.0,0.0,0.0,0.0,0.0
66,The University of Kent,1.0,1.0,1.0,0.0,,,,,,,,,,,,,,,,,50.0,0.0,0.0,178093.0,0.9,0.0,2526.0,2526.0,0.0,1495.0,0.0,0.0,0.0,483.6,16748.98,81401.615,29957.14,4323.33,16889.88,4105.0,0.0,11017.09,30163.345,3887.6,0.0,0.0,0.0
67,The University of Lancaster,1.0,1.0,1.0,0.0,51.0,12.0,19.0,1.0,12.0,3.0,0.0,2.0,10.0,9.0,64.0,3.0,9.0,3.0,0.0,2.0,100.0,0.0,20301195.0,5072663.0,0.0,0.0,3091.0,2481.0,610.0,1898.0,240.0,0.0,0.0,,,,,,,,,,,,,,
68,The University of Leeds,1.0,1.0,1.0,1.0,26.1,10.5,15.1,16.5,8.3,20.6,0.2,2.7,2.4,2.9,8.0,3.3,4.3,78.3,0.0,0.8,35.0,41.0,50079132.593,49737.0,0.0,0.0,2068.0,1806.0,262.0,2912.0,0.0,7138.0,0.0,4380.21,79341.22,41673.39,76910.59,31853.07,102593.23,103705.54,,,,,,,
69,The University of Leicester,,,1.0,0.0,44.0,12.0,7.0,8.0,8.0,20.0,0.0,1.0,,,,,,,,,25.0,13.0,601812.0,757961.0,0.0,0.0,1974.0,1556.0,418.0,1990.0,1718.0,0.0,0.0,2972.0,57492.0,86170.0,13869.0,5242.0,6547.0,34220.0,0.0,13385.0,35507.0,19216.0,2815.0,6985.0,0.0
70,The University of Lincoln,1.0,1.0,1.0,0.0,56.2,8.6,2.9,6.2,6.3,18.4,0.6,0.8,12.0,3.0,2.0,5.0,2.0,72.0,0.0,4.0,60.0,49.9,0.0,246173.0,100.0,0.0,1147.0,1044.0,103.0,1260.0,0.0,0.0,0.0,4264.652,35792.801,42268.456,21011.91,11736.404,4040.027,0.0,4147.18,77815.19,10912.672,2202.496,0.0,0.0,0.0
71,The University of Liverpool,1.0,1.0,1.0,0.5,37.0,2.0,15.0,27.0,10.0,8.0,1.0,0.0,1.0,1.0,60.0,8.0,10.0,20.0,0.0,0.0,100.0,8.8,50015833.1,22944029.0,0.0,0.0,2741.0,2131.0,610.0,755.0,0.0,0.0,0.0,0.0,106007.2,125229.5,80794.0,4271.0,0.0,7212.0,29892.2,42154.0,0.0,0.0,0.0,0.0,0.0
72,The University of Manchester,0.0,,1.0,0.5,29.9,4.0,12.7,18.7,14.0,12.0,0.5,8.2,2.4,2.1,43.9,2.6,12.0,35.0,0.0,2.0,40.0,0.0,8499166.943,79377.41,,,3674.0,3508.0,166.0,3000.0,0.0,0.0,,11425.07,143494.39,166108.14,139959.07,94977.25,4534.66,113915.72,,,,,,,
73,The University of Northampton,1.0,1.0,1.0,0.0,61.0,11.0,4.0,1.0,9.0,13.0,1.0,0.0,54.0,7.0,29.0,1.5,0.0,6.0,1.5,1.0,30.0,41.0,582517.0,3381301.0,0.0,0.0,3059.0,2940.0,119.0,553.0,0.0,0.0,0.0,0.0,9568.0,57130.0,3840.0,0.0,0.0,4301.0,0.0,32063.0,23400.0,0.0,818.0,0.0,0.0
74,The University of Oxford,1.0,0.0,1.0,1.0,23.5,1.7,17.6,11.7,26.2,13.6,1.1,4.6,2.0,1.0,3.0,2.0,42.0,47.0,0.0,3.0,73.0,100.0,1301644.0,316071.21,0.0,0.0,1845.0,1845.0,0.0,4820.0,10800.0,0.0,0.0,9139.0,68427.0,105164.0,67468.0,85732.0,50594.0,184264.0,0.0,0.0,0.0,0.0,0.0,0.0,0.0
75,The University of Portsmouth,1.0,1.0,1.0,0.0,26.0,7.3,13.1,10.0,18.7,17.8,1.1,6.0,5.0,1.0,21.0,2.0,5.0,62.0,0.0,4.0,30.0,100.0,0.0,43561.164,0.0,0.0,1092.0,989.0,103.0,1546.0,0.0,0.0,0.0,0.0,33331.419,60712.15,25676.0,12939.0,1107.91,0.0,0.0,17592.372,7525.0,0.0,0.0,0.0,0.0
76,The University of Reading,1.0,1.0,1.0,0.5,43.4,5.2,8.3,7.8,10.7,20.0,0.0,4.6,6.2,1.2,8.4,5.2,7.1,70.0,0.0,1.9,13.1,100.0,6122844.0,828662.0,0.0,0.0,2256.0,2256.0,0.0,3488.0,623.129,2868.447,0.0,2485.0,41438.0,56357.0,36231.0,21299.0,7984.0,10543.0,0.0,0.0,0.0,0.0,0.0,0.0,0.0
77,The University of Salford,1.0,1.0,1.0,0.0,41.0,5.0,10.0,19.0,9.0,7.0,1.0,8.0,13.0,1.0,25.0,16.0,4.0,35.0,0.0,6.0,81.0,0.0,0.0,9999.0,0.0,0.0,2341.0,2341.0,0.0,379.0,453.0,0.0,0.0,1964.0,42016.0,65014.0,37905.0,0.0,6086.0,0.0,0.0,0.0,0.0,0.0,0.0,0.0,0.0
78,The University of Sheffield,1.0,0.0,1.0,0.0,37.0,4.0,12.0,5.0,7.0,19.0,,2.0,,,,,,,,,43.0,34.7,29302098.0,2144163.0,1.6,0.0,2341.0,1865.0,476.0,2683.0,0.0,0.0,0.0,17048.18,131671.15,131905.68,50455.48,34722.48,29626.66,16329.34,1456.45,23098.66,11554.29,1449.46,1100.71,0.0,0.0
79,The University of Southampton,,,,,,,,,,,,,,,,,,,,,20.0,,38388600.0,,,,,,,,0.0,0.0,0.0,,,,,,,,,,,,,,
80,The University of Sunderland,0.0,,1.0,0.0,,,,,,,,,,,,,,,,,68.0,,0.0,95859.0,,,,,,,0.0,0.0,0.0,,,,,,,,,,,,,,
81,The University of Surrey,0.0,,1.0,0.0,66.0,,4.0,,,,0.5,,27.0,,13.0,,,,0.2,,34.0,75.0,0.0,220304.0,0.0,0.0,2023.0,1923.0,100.0,2694.0,0.0,89585.0,0.0,0.0,0.0,21547.48,18918.51,4536.42,2377.31,0.0,0.0,0.0,0.0,0.0,0.0,0.0,0.0
82,The University of Sussex,0.0,,1.0,0.0,39.7,4.5,18.2,21.4,8.5,6.7,0.4,0.6,7.1,1.8,60.0,13.0,8.0,10.1,0.0,0.0,44.0,100.0,8727939.0,756204.2,100.0,0.0,1462.0,1226.0,236.0,2155.0,0.0,0.0,0.0,0.0,7451.0,765.0,12305.0,791.0,0.0,0.0,0.0,0.0,0.0,0.0,0.0,0.0,0.0
83,The University of Warwick,1.0,1.0,1.0,0.0,63.0,8.0,9.0,4.0,11.0,3.0,1.0,1.0,7.0,5.0,42.0,3.0,9.0,33.0,0.0,1.0,60.0,50.0,74064469.721,710882.19,0.0,0.0,6640.0,6472.0,168.0,3610.0,0.0,14072.0,100.0,12176.96,58990.98,64760.29,3862.67,21599.47,4811.96,13678.22,40890.21,83087.14,18021.22,2999.8,3001.05,0.0,0.0
84,The University of West London,1.0,1.0,1.0,0.0,17.0,4.0,15.0,39.0,7.0,17.0,1.0,0.0,11.3,6.3,25.3,44.6,1.4,10.7,0.4,0.0,50.0,0.0,0.0,1904797.0,0.0,0.0,128.0,128.0,0.0,192.0,0.0,0.0,0.0,0.0,3169.0,339.9,41473.2,578.7,0.0,0.0,0.0,0.0,0.0,0.0,0.0,0.0,0.0
85,The University of Westminster,1.0,1.0,1.0,0.0,1.0,0.0,10.0,52.0,8.0,27.0,1.0,1.0,1.0,0.0,9.0,54.0,7.0,27.0,1.0,1.0,43.0,100.0,0.0,0.0,0.0,0.0,508.0,416.0,92.0,351.0,0.0,8955.0,,0.0,13808.0,13696.0,27738.0,28426.0,0.0,0.0,0.0,9553.0,0.0,15470.0,0.0,0.0,0.0
86,The University of Winchester,1.0,0.0,1.0,0.0,50.0,3.2,3.2,11.5,3.6,18.5,0.9,9.1,8.4,3.0,27.1,14.5,0.6,45.7,0.2,0.5,55.0,86.0,125330.0,158825.0,0.0,0.0,491.0,491.0,0.0,247.0,411.0,0.0,0.0,1064.0,15788.0,21033.0,451.0,383.0,0.0,201.0,0.0,1148.0,154.0,0.0,0.0,0.0,0.0
87,The University of York,1.0,0.0,0.0,0.0,44.0,5.0,6.0,5.0,21.0,18.0,0.0,1.0,6.0,2.0,23.0,6.0,9.0,53.0,0.0,1.0,48.0,,35399269.122,1898194.3,0.0,0.0,1962.0,1962.0,0.0,5555.0,283.805,0.0,0.0,3310.0,100758.69,65990.81,33340.95,0.0,0.0,0.0,0.0,11340.0,0.0,0.0,0.0,0.0,0.0
88,Trinity Laban Conservatoire of Music and Dance,0.0,,0.0,,20.0,0.0,30.0,27.0,5.0,15.0,3.0,0.0,0.0,0.0,10.0,10.0,5.0,75.0,0.0,0.0,43.0,0.0,0.0,0.0,,,87.0,87.0,0.0,32.0,0.0,0.0,0.0,,,,,,,,0.0,0.0,0.0,0.0,0.0,0.0,0.0
89,University College London,1.0,1.0,1.0,1.0,3.0,2.3,11.8,41.8,9.6,30.8,0.6,0.1,0.7,1.0,11.9,33.5,10.8,41.5,0.4,0.2,100.0,44.3,7985388.0,122250.0,0.0,0.0,,,,2457.0,0.0,0.0,0.0,6248.2,38042.2,108960.97,96155.6,95743.7,43941.6,98672.3,6811.1,21204.8,62348.5,10550.6,7682.9,0.0,0.0
90,University for the Creative Arts,1.0,,1.0,0.0,,,,,,,,,,,,,,,,,28.0,0.0,0.0,1386000.0,,,588.0,531.0,57.0,313.0,0.0,0.0,0.0,3179.0,901.0,17780.52,30865.17,0.0,808.0,0.0,9140.249,3822.0,3922.0,12475.0,2217.0,0.0,0.0
91,University of Bedfordshire,1.0,1.0,1.0,0.5,53.0,6.0,8.0,11.0,4.0,16.0,1.0,1.0,27.0,8.0,18.0,8.0,2.0,34.0,0.0,3.0,48.0,100.0,464114.0,132583.0,0.0,0.0,471.0,471.0,0.0,197.0,1777.0,0.0,0.0,0.0,43904.0,23038.0,11155.0,0.0,0.0,7934.0,0.0,0.0,0.0,0.0,0.0,0.0,0.0
92,University of Chester,0.0,,0.0,0.5,65.0,6.0,3.0,5.0,6.0,14.0,0.0,1.0,34.0,6.0,7.0,15.0,1.0,35.0,0.0,2.0,43.0,13.4,0.0,331354.0,0.0,0.0,2417.0,2417.0,0.0,312.0,0.0,17500.0,0.0,16891.0,26118.0,26741.0,4222.0,5715.0,0.0,0.0,14991.0,3210.0,8677.0,0.0,0.0,0.0,0.0
93,University of Cumbria,1.0,1.0,1.0,0.0,57.5,,,,,,,,27.5,,,,,,,,45.0,0.0,0.0,0.0,0.0,0.0,960.0,909.0,51.0,172.0,0.0,0.0,0.0,0.0,13452.18,25154.74,5814.53,3773.03,0.0,323.3,0.0,4447.0,2322.0,5458.5,387.0,0.0,0.0
94,University of Derby,1.0,1.0,1.0,1.0,,,,,,,,,,,,,,,,,27.0,39.3,729560.0,48770.82,0.0,0.0,1818.0,1465.0,353.0,490.0,0.0,0.0,0.0,1513.0,16221.97,60048.24,16661.0,0.0,9657.0,0.0,,,,,,,
95,University of Durham,1.0,1.0,1.0,0.0,55.9,10.1,8.4,4.4,8.7,11.3,0.7,0.5,3.5,0.8,6.9,1.2,4.3,83.3,0.0,0.0,43.0,24.0,2517977.0,355320.0,0.0,0.0,3217.0,2308.0,909.0,2061.0,236.0,1837.0,100.0,0.0,29978.0,62235.0,28368.0,19016.0,13294.0,29887.0,0.0,25759.0,85625.0,30012.0,10285.0,0.0,0.0
96,University of Gloucestershire,1.0,1.0,1.0,1.0,64.6,3.8,4.3,3.5,8.8,13.8,0.0,1.2,27.3,5.3,15.9,4.2,3.8,42.9,0.5,0.1,40.0,42.7,0.0,0.0,0.0,0.0,1232.0,1230.0,2.0,747.0,0.0,0.0,0.0,0.0,13653.0,13770.0,12304.0,6075.0,632.0,662.0,0.0,6025.0,4691.0,0.0,0.0,0.0,0.0
97,University of Hertfordshire,1.0,1.0,1.0,0.0,,,,,,,,,,,,,,,,,43.0,0.0,0.0,280500.0,0.0,0.0,2870.0,2844.0,26.0,1710.0,0.0,0.0,0.0,4469.0,2724.0,17287.0,44540.0,47982.0,5753.0,0.0,0.0,0.0,27955.0,0.0,0.0,0.0,0.0
98,University of London (Institutes and activities),,,,,,,,,,,,,,,,,,,,,100.0,,,,,,,,,,0.0,0.0,,,,,,,,,,,,,,,
99,University of Northumbria at Newcastle,1.0,1.0,1.0,0.0,26.7,6.0,22.6,27.5,5.6,10.3,0.0,1.3,6.9,1.2,21.4,19.7,2.3,48.2,0.0,0.3,32.5,44.0,1496570.0,286220.0,100.0,,,,,1181.0,1500.0,0.0,0.0,,,,,,,,,,,,,,
100,University of Nottingham,1.0,1.0,1.0,0.0,45.0,4.0,19.0,2.0,15.0,9.0,1.0,5.0,9.0,3.0,27.0,4.0,9.0,34.0,2.0,12.0,63.0,0.0,2825021.0,1986731.0,100.0,0.0,4691.0,3745.0,946.0,5162.0,10383.0,39576.0,0.0,1054.0,41802.0,80343.0,216098.0,61428.0,50493.0,48939.0,5616.0,12178.0,69356.0,2734.0,4652.0,0.0,0.0
101,University of Plymouth,1.0,1.0,1.0,0.0,25.0,8.0,16.0,7.0,13.0,23.0,0.0,8.0,9.0,4.0,11.0,9.0,2.0,65.0,0.0,0.0,43.0,47.5,2544488.0,91705.0,0.0,0.0,506.0,506.0,0.0,595.0,124.0,0.0,0.0,1708.6,23929.79,48552.84,34916.7,13225.39,0.0,12444.79,0.0,0.0,0.0,0.0,0.0,0.0,0.0
102,University of St Mark and St John,0.0,,0.0,0.0,65.0,5.0,13.0,1.0,8.0,6.0,2.0,0.0,20.0,40.0,15.0,0.0,1.0,23.0,1.0,0.0,20.0,100.0,0.0,337510.0,0.0,0.0,670.0,670.0,0.0,98.0,0.0,0.0,0.0,0.0,0.0,6260.74,17669.73,0.0,0.0,0.0,0.0,3842.0,6508.0,0.0,0.0,0.0,0.0
103,University of Suffolk,1.0,1.0,0.0,0.0,,,,,,,,,,,,,,,,,100.0,22.5,0.0,41293.0,0.0,0.0,461.0,461.0,0.0,192.0,0.0,0.0,0.0,11293.0,10680.0,3727.0,3649.0,0.0,0.0,0.0,0.0,0.0,0.0,0.0,0.0,0.0,0.0
104,University of Worcester,1.0,1.0,1.0,1.0,65.0,6.8,2.2,3.3,6.8,15.7,0.2,0.0,23.5,9.9,1.2,11.7,1.9,51.8,0.0,0.0,100.0,100.0,735.0,163377.0,3.0,0.0,1117.0,1045.0,72.0,815.0,5592.0,0.0,0.0,0.0,9934.78,31083.6,12106.02,1900.81,0.0,0.0,1789.27,15728.93,4931.64,1161.88,0.0,0.0,0.0
105,"University of the Arts, London",1.0,1.0,1.0,0.0,2.4,0.0,7.2,74.5,11.1,3.9,0.9,0.0,0.0,0.0,17.0,63.8,7.7,11.5,0.0,0.0,43.0,100.0,231457.436,2333072.814,0.0,0.0,112.0,103.0,9.0,1296.0,0.0,0.0,0.0,0.0,14026.565,93492.425,12403.44,44777.31,0.0,0.0,0.0,0.0,7723.8,4908.51,2555.0,0.0,0.0
106,"University of the West of England, Bristol",1.0,1.0,1.0,1.0,27.2,8.0,32.3,0.0,5.8,26.1,0.3,0.3,21.2,6.4,25.3,0.0,4.6,39.3,0.2,3.0,22.5,43.0,9235847.0,458329.27,100.0,0.0,3290.0,3290.0,0.0,1279.0,884.923,0.0,0.0,215.0,35600.0,70653.0,39190.0,23587.0,41045.0,1741.0,2070.0,45867.0,1466.0,1955.0,0.0,0.0,0.0
107,York St John University,0.0,,,0.0,,,,,,,,,,,,,,,,,80.0,,0.0,,,,317.0,146.0,171.0,782.0,0.0,0.0,,0.0,11121.47,22013.4,4555.45,0.0,0.0,0.0,0.0,0.0,0.0,0.0,0.0,0.0,0.0
